<?xml version="1.0" encoding="UTF-8"?>
<project-private xmlns="http://www.netbeans.org/ns/project-private/1">
    <editor-bookmarks xmlns="http://www.netbeans.org/ns/editor-bookmarks/2" lastBookmarkId="0"/>
    <open-files xmlns="http://www.netbeans.org/ns/projectui-open-files/2">
        <group>
            <file>file:/C:/Users/Admin/Desktop/Programming/Java/Data%20Structures%20Project/src/project/UTree.java</file>
            <file>file:/C:/Users/Admin/Desktop/Programming/Java/Data%20Structures%20Project/src/project/Login.java</file>
            <file>file:/C:/Users/Admin/Desktop/Programming/Java/Data%20Structures%20Project/src/project/StackCreate.java</file>
            <file>file:/C:/Users/Admin/Desktop/Programming/Java/Data%20Structures%20Project/src/project/DDll.java</file>
            <file>file:/C:/Users/Admin/Desktop/Programming/Java/Data%20Structures%20Project/src/project/DQueue.java</file>
            <file>file:/C:/Users/Admin/Desktop/Programming/Java/Data%20Structures%20Project/src/project/DStack.java</file>
            <file>file:/C:/Users/Admin/Desktop/Programming/Java/Data%20Structures%20Project/src/project/QueueCreate.java</file>
            <file>file:/C:/Users/Admin/Desktop/Programming/Java/Data%20Structures%20Project/src/project/welcome.java</file>
            <file>file:/C:/Users/Admin/Desktop/Programming/Java/Data%20Structures%20Project/src/project/Menu.java</file>
            <file>file:/C:/Users/Admin/Desktop/Programming/Java/Data%20Structures%20Project/src/project/TQueue.java</file>
        </group>
    </open-files>
</project-private>
